school,zone,address,postal_code
ADMIRALTY PRIMARY SCHOOL,NORTH 5,11 WOODLANDS CIRCLE,738907
ADMIRALTY SECONDARY SCHOOL,NORTH 7,31 WOODLANDS CRESCENT,737916
AHMAD IBRAHIM PRIMARY SCHOOL,NORTH 2,10 YISHUN STREET 11,768643
AHMAD IBRAHIM SECONDARY SCHOOL,NORTH 8,751 YISHUN AVENUE 7,768928
AI TONG SCHOOL,SOUTH 7,100 Bright Hill Drive,579646
ALEXANDRA PRIMARY SCHOOL,SOUTH 4,2A Prince Charles Crescent,159016
ANCHOR GREEN PRIMARY SCHOOL,NORTH 3,31 Anchorvale Drive,544969
ANDERSON JUNIOR COLLEGE,NORTH 5,4500 ANG MO KIO AVENUE 6,569843
ANDERSON PRIMARY SCHOOL,NORTH 6,19 ANG MO KIO AVE 9 ANDERSON PRIMARY SCHOOL,569785
ANDERSON SECONDARY SCHOOL,NORTH 3,10 ANG MO KIO STREET 53,569206
ANG MO KIO PRIMARY SCHOOL,SOUTH 1,20 ANG MO KIO AVENUE 3 ANG MO KIO PRIMARY SCHOOL,569920
ANG MO KIO SECONDARY SCHOOL,SOUTH 1,6 ANG MO KIO STREET 22,569362
ANGLICAN HIGH SCHOOL,EAST 4,600 UPPER CHANGI ROAD,487012
ANGLO-CHINESE JUNIOR COLLEGE,WEST 1,25 DOVER CLOSE EAST,139745
ANGLO-CHINESE SCHOOL (BARKER ROAD),SOUTH 3,60 BARKER ROAD,309919
ANGLO-CHINESE SCHOOL (INDEPENDENT),SOUTH 2,121 DOVER ROAD,139650
ANGLO-CHINESE SCHOOL (JUNIOR),SOUTH 5,16 WINSTEDT ROAD,227988
ANGLO-CHINESE SCHOOL (PRIMARY),SOUTH 3,50 BARKER ROAD,309918
ANGSANA PRIMARY SCHOOL,EAST 3,3 Tampines Street 22,529366
ASSUMPTION ENGLISH SCHOOL,WEST 6,622 Upper Bukit Timah Road Assumption English School,678117
ASSUMPTION PATHWAY SCHOOL,WEST 6,30 Cashew Road,679697
BALESTIER HILL PRIMARY SCHOOL,SOUTH 5,565 BALESTIER ROAD,329927
BALESTIER HILL SECONDARY SCHOOL,SOUTH 5,11 NOVENA RISE,307516
BARTLEY SECONDARY SCHOOL,SOUTH 6,10 JALAN BUNGA RAMPAI ROAD,538403
BEACON PRIMARY SCHOOL,WEST 6,36 Bukit Panjang Ring Road,679944
BEATTY SECONDARY SCHOOL,SOUTH 3,1 TOA PAYOH NORTH,318990
BEDOK GREEN PRIMARY SCHOOL,EAST 2,1 BEDOK SOUTH AVE 2,469317
BEDOK GREEN SECONDARY SCHOOL,EAST 2,360 BEDOK NORTH AVE 3,469722
BEDOK NORTH SECONDARY SCHOOL,EAST 4,20 JALAN DAMAI,419612
BEDOK SOUTH SECONDARY SCHOOL,EAST 2,1 JALAN LANGGAR BEDOK,468585
BEDOK VIEW SECONDARY SCHOOL,EAST 2,6 BEDOK SOUTH AVENUE 3,469293
BENDEMEER PRIMARY SCHOOL,SOUTH 5,91 BENDEMEER ROAD,339948
BENDEMEER SECONDARY SCHOOL,SOUTH 5,1 ST WILFRED ROAD,327919
BISHAN PARK SECONDARY SCHOOL,SOUTH 7,2 SIN MING WALK,575565
BLANGAH RISE PRIMARY SCHOOL,SOUTH 2,91 TELOK BLANGAH HEIGHTS,109100
BOON LAY GARDEN PRIMARY SCHOOL,WEST 8,20 BOON LAY DRIVE,649930
BOON LAY SECONDARY SCHOOL,WEST 3,11 JURONG WEST STREET 65,648354
BOWEN SECONDARY SCHOOL,NORTH 1,2 LORONG NAPIRI,547529
BROADRICK SECONDARY SCHOOL,EAST 5,61 DAKOTA CRESCENT,399935
BUKIT BATOK SECONDARY SCHOOL,WEST 7,50 BUKIT BATOK WEST AVE 8,658962
BUKIT MERAH SECONDARY SCHOOL,SOUTH 4,10 LENGKOK BAHRU,159050
BUKIT PANJANG GOVT. HIGH SCHOOL,WEST 5,7 CHOA CHU KANG AVE 4,689809
BUKIT PANJANG PRIMARY SCHOOL,WEST 8,109 CASHEW ROAD,679676
BUKIT TIMAH PRIMARY SCHOOL,WEST 4,111 Lorong Kismis Bukit Timah Primary School,598112
BUKIT VIEW PRIMARY SCHOOL,WEST 4,18 BUKIT BATOK STREET 21,659634
BUKIT VIEW SECONDARY SCHOOL,WEST 4,16 BUKIT BATOK STREET 21,659633
CANBERRA PRIMARY SCHOOL,NORTH 7,21 ADMIRALTY DRIVE,757714
CANBERRA SECONDARY SCHOOL,NORTH 8,51 SEMBAWANG DRIVE,757699
CANOSSA CONVENT PRIMARY SCHOOL,EAST 5,1 Sallim Road,387621
CANTONMENT PRIMARY SCHOOL,SOUTH 2,1 Cantonment Close,88256
CASUARINA PRIMARY SCHOOL,EAST 6,30 PASIR RIS ST 41,518935
CATHOLIC HIGH SCHOOL,NORTH 3,9 BISHAN STREET 22,579767
CATHOLIC JUNIOR COLLEGE,SOUTH 5,129 WHITLEY ROAD,297822
CEDAR GIRLS' SECONDARY SCHOOL,EAST 7,1 CEDAR AVENUE,349692
CEDAR PRIMARY SCHOOL,SOUTH 6,15 CEDAR AVENUE,349700
CHANGKAT CHANGI SECONDARY SCHOOL,EAST 4,23 SIMEI ST 3,529894
CHANGKAT PRIMARY SCHOOL,EAST 4,11 SIMEI ST 3,529896
CHIJ (KATONG) PRIMARY,EAST 7,17 MARTIA ROAD,424821
CHIJ (KELLOCK),SOUTH 4,1 Bukit Teresa Road,99757
CHIJ KATONG CONVENT,EAST 7,3 GEYLANG BAHRU LANE,339626
CHIJ OUR LADY OF GOOD COUNSEL,SOUTH 1,2C Burghley Drive,558979
CHIJ OUR LADY OF THE NATIVITY,SOUTH 6,1257 UPPER SERANGOON ROAD,534793
CHIJ OUR LADY QUEEN OF PEACE,WEST 8,4 Chestnut Drive,679287
CHIJ PRIMARY (TOA PAYOH),SOUTH 3,628 Lorong 1 Toa Payoh,319765
CHIJ SECONDARY (TOA PAYOH),SOUTH 3,626 LORONG 1 TOA PAYOH,319764
CHIJ ST. JOSEPH'S CONVENT,NORTH 1,62 SENG KANG EAST WAY,548595
CHIJ ST. NICHOLAS GIRLS' SCHOOL,NORTH 6,501 ANG MO KIO STREET 13,569405
CHIJ ST. THERESA'S CONVENT,SOUTH 4,160 LOWER DELTA ROAD,99138
CHONG BOON SECONDARY SCHOOL,SOUTH 1,2 ANG MO KIO STREET 44,569250
CHONGFU SCHOOL,NORTH 2,170 YISHUN AVENUE 6,768959
CHONGZHENG PRIMARY SCHOOL,EAST 3,1 TAMPINES STREET 21,529392
CHRIST CHURCH SECONDARY SCHOOL,NORTH 7,20 WOODLANDS DRIVE 17,737924
CHUA CHU KANG PRIMARY SCHOOL,WEST 2,20 CHOA CHU KANG AVENUE 2,689905
CHUA CHU KANG SECONDARY SCHOOL,WEST 5,3 TECK WHYE CRESCENT,688845
CHUNG CHENG HIGH SCHOOL (MAIN),EAST 4,50 GOODMAN ROAD,439012
CHUNG CHENG HIGH SCHOOL (YISHUN),NORTH 2,11 YISHUN STREET 61,768547
CLEMENTI PRIMARY SCHOOL,WEST 1,8 CLEMENTI AVE 3,129903
CLEMENTI TOWN SECONDARY SCHOOL,WEST 1,10 CLEMENTI AVE 3,129904
COMMONWEALTH SECONDARY SCHOOL,WEST 7,698 WEST COAST ROAD,608784
COMPASSVALE PRIMARY SCHOOL,NORTH 3,21 COMPASSVALE ST,545091
COMPASSVALE SECONDARY SCHOOL,NORTH 3,51 COMPASSVALE CRESCENT,545083
CONCORD PRIMARY SCHOOL,WEST 2,3 CHOA CHU KANG AVE 4,689814
CORAL PRIMARY SCHOOL,EAST 1,20 PASIR RIS ST 51,518902
CORAL SECONDARY SCHOOL,EAST 1,31 PASIR RIS STREET 51,518901
CORPORATION PRIMARY SCHOOL,WEST 8,31 JURONG WEST STREET 24,648347
CRESCENT GIRLS' SCHOOL,SOUTH 2,357 TANGLIN ROAD,247961
CREST SECONDARY SCHOOL,WEST 8,561 JURONG EAST STREET 24,609561
DA QIAO PRIMARY SCHOOL,SOUTH 1,8 ANG MO KIO STREET 54,569185
DAMAI PRIMARY SCHOOL,EAST 4,50 BEDOK RESERVOIR CRESCENT,479225
DAMAI SECONDARY SCHOOL,EAST 4,4800 BEDOK RESERVOIR ROAD,479229
DAZHONG PRIMARY SCHOOL,WEST 4,35 BUKIT BATOK STREET 31,659441
DE LA SALLE SCHOOL,WEST 2,11 Choa Chu Kang St 52,689285
DEYI SECONDARY SCHOOL,NORTH 6,1 ANG MO KIO STREET 42,569277
DUNEARN SECONDARY SCHOOL,WEST 2,247 Jalan Boon Lay,619522
DUNMAN HIGH SCHOOL,EAST 4,10 TANJONG RHU ROAD,436895
DUNMAN SECONDARY SCHOOL,EAST 3,21 TAMPINES STREET 45,529093
EAST COAST PRIMARY SCHOOL,EAST 7,8 CHAI CHEE LANE,469031
EAST SPRING PRIMARY SCHOOL,EAST 3,31 TAMPINES ST 33,529258
EAST SPRING SECONDARY SCHOOL,EAST 3,30 TAMPINES STREET 34,529231
EAST VIEW PRIMARY SCHOOL,EAST 2,4 TAMPINES STREET 91,528907
EAST VIEW SECONDARY SCHOOL,EAST 6,3 TAMPINES STREET 42,529177
EDGEFIELD PRIMARY SCHOOL,NORTH 3,41 EDGEFIELD PLAINS,828869
EDGEFIELD SECONDARY SCHOOL,NORTH 3,36 PUNGGOL FIELD,828814
ELIAS PARK PRIMARY SCHOOL,EAST 1,11 PASIR RIS STREET 52,518866
ENDEAVOUR PRIMARY SCHOOL,NORTH 8,10 Admiralty Link,757521
EUNOS PRIMARY SCHOOL,EAST 4,95 JALAN EUNOS Eunos Primary School,419529
EVERGREEN PRIMARY SCHOOL,NORTH 5,31 WOODLANDS CIRCLE,738908
EVERGREEN SECONDARY SCHOOL,NORTH 5,11 WOODLANDS STREET 83,738489
FAIRFIELD METHODIST SCHOOL (PRIMARY),SOUTH 2,100 DOVER ROAD,139648
FAIRFIELD METHODIST SCHOOL (SECONDARY),SOUTH 2,102 Dover Road Fairfield Methodist Secondary,139649
FAJAR SECONDARY SCHOOL,WEST 8,58 Chestnut Drive,679301
FARRER PARK PRIMARY SCHOOL,SOUTH 5,2 FARRER PARK ROAD,217567
FENGSHAN PRIMARY SCHOOL,EAST 2,307 BEDOK NORTH ROAD,469680
FERNVALE PRIMARY SCHOOL,NORTH 3,1 Fernvale Lane,797701
FIRST TOA PAYOH PRIMARY SCHOOL,SOUTH 3,7 LORONG 8 TOA PAYOH,319252
FRONTIER PRIMARY SCHOOL,WEST 3,20 Jurong West Street 61,648200
FUCHUN PRIMARY SCHOOL,NORTH 7,23 WOODLANDS AVENUE 1,739063
FUCHUN SECONDARY SCHOOL,NORTH 7,21 WOODLANDS AVENUE 1,739062
FUHUA PRIMARY SCHOOL,WEST 7,65 JURONG EAST STREET 13,609647
FUHUA SECONDARY SCHOOL,WEST 7,5 JURONG WEST STREET 41,649410
GAN ENG SENG PRIMARY SCHOOL,SOUTH 4,100 REDHILL CLOSE,158901
GAN ENG SENG SCHOOL,SOUTH 4,1 HENDERSON ROAD,159561
GEYLANG METHODIST SCHOOL (PRIMARY),EAST 5,4 Geylang East Central,389706
GEYLANG METHODIST SCHOOL (SECONDARY),EAST 5,2 GEYLANG EAST CENTRAL,389705
GONGSHANG PRIMARY SCHOOL,EAST 3,1 TAMPINES STREET 42,529176
GREENDALE PRIMARY SCHOOL,NORTH 4,50 Edgedale Plains,828848
GREENDALE SECONDARY SCHOOL,NORTH 4,51 EDGEDALE PLAINS,828866
GREENRIDGE PRIMARY SCHOOL,WEST 5,11 JELAPANG ROAD,677744
GREENRIDGE SECONDARY SCHOOL,WEST 6,32 BUKIT PANJANG RING ROAD,679938
GREENVIEW SECONDARY SCHOOL,EAST 1,15 PASIR RIS STREET 21,518969
GREENWOOD PRIMARY SCHOOL,NORTH 8,11 WOODLANDS DR 62,737942
GUANGYANG PRIMARY SCHOOL,SOUTH 7,6 Bishan Street 12,579806
GUANGYANG SECONDARY SCHOOL,SOUTH 7,8 BISHAN STREET 12,579807
HAI SING CATHOLIC SCHOOL,EAST 1,9 PASIR RIS DRIVE 6,519421
HAIG GIRLS' SCHOOL,EAST 5,860 NEW UPPER CHANGI ROAD,467353
HENDERSON SECONDARY SCHOOL,SOUTH 2,100 HENDERSON RD,159544
HENRY PARK PRIMARY SCHOOL,WEST 1,1 HOLLAND GROVE ROAD,278790
HILLGROVE SECONDARY SCHOOL,WEST 2,10 BUKIT BATOK STREET 52,659250
HOLY INNOCENTS' HIGH SCHOOL,SOUTH 1,1191 UPPER SERANGOON ROAD,534786
HOLY INNOCENTS' PRIMARY SCHOOL,SOUTH 1,5 LORONG LOW KOON Holy Innocents' Primary School,536451
HONG KAH SECONDARY SCHOOL,WEST 4,931 JURONG WEST STREET 42,649370
HONG WEN SCHOOL,SOUTH 4,30 TOWNER ROAD,327829
HORIZON PRIMARY SCHOOL,NORTH 4,61 Edgedale Plains,828819
HOUGANG PRIMARY SCHOOL,NORTH 3,1 HOUGANG ST 93,534238
HOUGANG SECONDARY SCHOOL,NORTH 3,2 HOUGANG STREET 93,534256
HUA YI SECONDARY SCHOOL,WEST 4,60 JURONG WEST ST 42,649371
HUAMIN PRIMARY SCHOOL,NORTH 6,21 YISHUN AVENUE 11,768857
HWA CHONG INSTITUTION,WEST 6,661 BUKIT TIMAH ROAD,269734
INNOVA JUNIOR COLLEGE,NORTH 7,21 Champions Way,737902
INNOVA PRIMARY SCHOOL,NORTH 8,80 Woodlands Drive 17,737888
JIEMIN PRIMARY SCHOOL,NORTH 2,2 YISHUN STREET 71,768515
JING SHAN PRIMARY SCHOOL,SOUTH 1,5 ANG MO KIO ST 52,569228
JUNYUAN PRIMARY SCHOOL,EAST 2,2 Tampines Street 91,528906
JUNYUAN SECONDARY SCHOOL,EAST 3,11 TAMPINES STREET 84,528933
JURONG JUNIOR COLLEGE,WEST 6,800 CORPORATION ROAD,649809
JURONG PRIMARY SCHOOL,WEST 4,320 JURONG EAST Street 32,609476
JURONG SECONDARY SCHOOL,WEST 6,31 YUAN CHING ROAD,618652
JURONG WEST PRIMARY SCHOOL,WEST 3,30 JURONG WEST ST 61,648368
JURONG WEST SECONDARY SCHOOL,WEST 3,61 JURONG WEST STREET 65,648348
JURONGVILLE SECONDARY SCHOOL,WEST 4,202 JURONG EAST AVENUE 1,609790
JUYING PRIMARY SCHOOL,WEST 3,31 JURONG WEST STREET 91,649037
JUYING SECONDARY SCHOOL,WEST 3,33 JURONG WEST STREET 91,649038
KEMING PRIMARY SCHOOL,WEST 4,90 BUKIT BATOK EAST AVENUE 6,659762
KENT RIDGE SECONDARY SCHOOL,SOUTH 2,147 WEST COAST ROAD,127368
KHENG CHENG SCHOOL,SOUTH 3,15 LORONG 3 TOA PAYOH,319580
KONG HWA SCHOOL,EAST 4,350 GUILLEMARD ROAD,399772
KRANJI PRIMARY SCHOOL,WEST 8,11 CHOA CHU KANG STREET 54,689189
KRANJI SECONDARY SCHOOL,WEST 8,61 CHOA CHU KANG STREET 51,689333
KUO CHUAN PRESBYTERIAN PRIMARY SCHOOL,SOUTH 7,8 BISHAN STREET 13,579793
KUO CHUAN PRESBYTERIAN SECONDARY SCHOOL,SOUTH 7,10 BISHAN STREET 13,579795
LAKESIDE PRIMARY SCHOOL,WEST 7,161 Corporation Walk,618310
LIANHUA PRIMARY SCHOOL,WEST 4,2 BUKIT BATOK STREET 52,659243
LOYANG PRIMARY SCHOOL,EAST 1,3 PASIR RIS DRIVE 6,519419
LOYANG SECONDARY SCHOOL,EAST 1,12 PASIR RIS STREET 11,519073
MACPHERSON PRIMARY SCHOOL,EAST 5,2 MATTAR ROAD,387724
MACPHERSON SECONDARY SCHOOL,EAST 5,121 CIRCUIT ROAD,379499
MAHA BODHI SCHOOL,EAST 7,10 UBI AVENUE 1,408931
MANJUSRI SECONDARY SCHOOL,EAST 7,20 UBI AVENUE 1,408940
MARIS STELLA HIGH SCHOOL,NORTH 4,25 MOUNT VERNON ROAD,368051
MARSILING PRIMARY SCHOOL,NORTH 5,31 WOODLANDS CENTRE ROAD,738927
MARSILING SECONDARY SCHOOL,NORTH 5,12 MARSILING ROAD,739110
MARYMOUNT CONVENT SCHOOL,SOUTH 3,430 Lorong 1 Toa Payoh,319759
MAYFLOWER PRIMARY SCHOOL,SOUTH 7,200 ANG MO KIO AVE 5,569878
MAYFLOWER SECONDARY SCHOOL,SOUTH 1,2 ANG MO KIO STREET 21,569384
MEE TOH SCHOOL,NORTH 4,21 EDGEDALE PLAINS,828867
MERIDIAN JUNIOR COLLEGE,EAST 1,21 Pasir Ris Street 71,518799
MERIDIAN PRIMARY SCHOOL,EAST 1,20 PASIR RIS ST 71,518798
METHODIST GIRLS' SCHOOL (PRIMARY),WEST 3,11 Blackmore Drive,599986
METHODIST GIRLS' SCHOOL (SECONDARY),WEST 3,11 BLACKMORE DRIVE,599986
MILLENNIA INSTITUTE,WEST 7,60 Bukit Batok West Avenue 8,658965
MONTFORT JUNIOR SCHOOL,NORTH 4,52 HOUGANG AVENUE 8,538786
MONTFORT SECONDARY SCHOOL,NORTH 4,50 HOUGANG AVENUE 8,538785
NAN CHIAU HIGH SCHOOL,NORTH 4,20 ANCHORVALE LINK,545079
NAN CHIAU PRIMARY SCHOOL,NORTH 4,50 ANCHORVALE LINK,545080
NAN HUA HIGH SCHOOL,WEST 1,41 CLEMENTI AVENUE 1,129956
NAN HUA PRIMARY SCHOOL,WEST 1,30 JALAN LEMPENG,128806
NANYANG GIRLS' HIGH SCHOOL,WEST 6,2 LINDEN DRIVE,288683
NANYANG JUNIOR COLLEGE,SOUTH 6,128 SERANGOON AVENUE 3,556111
NANYANG PRIMARY SCHOOL,WEST 5,52 KING'S ROAD,268097
NATIONAL JUNIOR COLLEGE,SOUTH 3,37 HILLCREST ROAD,288913
NAVAL BASE PRIMARY SCHOOL,NORTH 6,7 YISHUN AVE 4,769028
NAVAL BASE SECONDARY SCHOOL,NORTH 2,901 YISHUN RING ROAD,768689
NEW TOWN PRIMARY SCHOOL,SOUTH 2,300 Tanglin Halt Road,148812
NEW TOWN SECONDARY SCHOOL,WEST 1,1020 DOVER ROAD,139657
NGEE ANN PRIMARY SCHOOL,EAST 7,344 MARINE TERRACE,449149
NGEE ANN SECONDARY SCHOOL,EAST 6,1 TAMPINES STREET 32,529283
NORTH SPRING PRIMARY SCHOOL,NORTH 4,1 RIVERVALE STREET,545088
NORTH VIEW PRIMARY SCHOOL,NORTH 6,210 YISHUN AVENUE 6,768960
NORTH VIEW SECONDARY SCHOOL,NORTH 2,530 YISHUN RING ROAD,768680
NORTH VISTA PRIMARY SCHOOL,NORTH 1,20 Compassvale Link,544974
NORTH VISTA SECONDARY SCHOOL,NORTH 1,11 RIVERVALE LINK,545081
NORTHBROOKS SECONDARY SCHOOL,NORTH 6,585 YISHUN RING ROAD,768692
NORTHLAND PRIMARY SCHOOL,NORTH 2,15 YISHUN AVENUE 4,769026
NORTHLAND SECONDARY SCHOOL,NORTH 2,3 YISHUN STREET 22,768578
NORTHLIGHT SCHOOL,SOUTH 4,151 Towner Road,327830
NORTHOAKS PRIMARY SCHOOL,NORTH 8,61 Sembawang Drive,757622
NUS HIGH SCHOOL OF MATHEMATICS AND SCIENCE,WEST 1,20 Clementi Avenue 1,129957
OASIS PRIMARY SCHOOL,EAST 3,71 Edgefield Plains,828716
OPERA ESTATE PRIMARY SCHOOL,EAST 7,48 FIDELIO STREET,458436
ORCHID PARK SECONDARY SCHOOL,NORTH 6,10 YISHUN STREET 81,768454
OUTRAM SECONDARY SCHOOL,SOUTH 4,3 YORK HILL,168622
PALM VIEW PRIMARY SCHOOL,NORTH 1,150 Compassvale Bow,544822
PARK VIEW PRIMARY SCHOOL,EAST 6,60 PASIR RIS DRIVE 1,519524
PASIR RIS CREST SECONDARY SCHOOL,EAST 1,11 PASIR RIS STREET 41,518934
PASIR RIS PRIMARY SCHOOL,EAST 6,5 PASIR RIS STREET 21,518968
PASIR RIS SECONDARY SCHOOL,EAST 6,390 TAMPINES STREET 21,529400
PAYA LEBAR METHODIST GIRLS' SCHOOL (PRIMARY),EAST 5,298 LORONG AH SOO,536741
PAYA LEBAR METHODIST GIRLS' SCHOOL (SECONDARY),EAST 5,296 LOR AH SOO,536742
PEI CHUN PUBLIC SCHOOL,SOUTH 3,16 TOA PAYOH LORONG 7,319320
PEI HWA PRESBYTERIAN PRIMARY SCHOOL,WEST 5,7 PEI WAH AVENUE,597610
PEI HWA SECONDARY SCHOOL,NORTH 3,21 FERNVALE LINK,797702
PEI TONG PRIMARY SCHOOL,SOUTH 2,15 CLEMENTI AVENUE 5,129857
PEICAI SECONDARY SCHOOL,SOUTH 6,10 SERANGOON AVENUE 4,556094
PEIRCE SECONDARY SCHOOL,SOUTH 7,10 SIN MING WALK,575566
PEIYING PRIMARY SCHOOL,NORTH 6,651 YISHUN RING ROAD,768687
PING YI SECONDARY SCHOOL,EAST 7,61 CHAI CHEE STREET,468980
PIONEER JUNIOR COLLEGE,WEST 2,21 Teck Whye Walk,688258
PIONEER PRIMARY SCHOOL,WEST 3,23 JURONG WEST STREET 81,649076
PIONEER SECONDARY SCHOOL,WEST 3,21 JURONG WEST STREET 81,649075
POI CHING SCHOOL,EAST 1,21 TAMPINES STREET 71,529067
PRESBYTERIAN HIGH SCHOOL,NORTH 6,5209 ANG MO KIO AVENUE 6,569845
PRINCESS ELIZABETH PRIMARY SCHOOL,WEST 7,30 BUKIT BATOK WEST AVENUE 3,659163
PUNGGOL COVE PRIMARY SCHOOL,EAST 1,52 Sumang Walk,828674
PUNGGOL GREEN PRIMARY SCHOOL,EAST 1,98 Punggol Walk,828772
PUNGGOL PRIMARY SCHOOL,SOUTH 1,61 HOUGANG AVENUE 8,538787
PUNGGOL SECONDARY SCHOOL,NORTH 4,51 EDGEFIELD PLAINS,828870
PUNGGOL VIEW PRIMARY SCHOOL,EAST 1,9 Punggol Place,828845
QIFA PRIMARY SCHOOL,WEST 1,50 WEST COAST AVENUE,128104
QIHUA PRIMARY SCHOOL,NORTH 5,5 WOODLANDS STREET 81,738525
QUEENSTOWN PRIMARY SCHOOL,SOUTH 2,310 MARGARET DR,149303
QUEENSTOWN SECONDARY SCHOOL,SOUTH 4,1 STRATHMORE ROAD,148800
QUEENSWAY SECONDARY SCHOOL,SOUTH 2,2A MARGARET DRIVE,149295
RADIN MAS PRIMARY SCHOOL,SOUTH 4,1 BUKIT PURMEI AVENUE,99840
RAFFLES GIRLS' PRIMARY SCHOOL,SOUTH 3,21 Hillcrest Road,289072
RAFFLES GIRLS' SCHOOL (SECONDARY),SOUTH 7,20 ANDERSON ROAD,259978
RAFFLES INSTITUTION,SOUTH 7,1 RAFFLES INSTITUTION LANE,575954
RED SWASTIKA SCHOOL,EAST 2,350 BEDOK NORTH AVENUE 3,469719
REGENT SECONDARY SCHOOL,WEST 8,50 CHOA CHU KANG NORTH 5,689621
RIVER VALLEY HIGH SCHOOL,WEST 7,6 BOON LAY AVENUE,649961
RIVER VALLEY PRIMARY SCHOOL,SOUTH 4,2 RIVER VALLEY GREEN,237993
RIVERSIDE PRIMARY SCHOOL,NORTH 7,110 Woodlands Crescent,737803
RIVERSIDE SECONDARY SCHOOL,NORTH 5,3 WOODLANDS STREET 81,738524
RIVERVALE PRIMARY SCHOOL,NORTH 1,80 RIVERVALE DRIVE,545092
ROSYTH SCHOOL,NORTH 1,21 Serangoon North Avenue 4,555855
RULANG PRIMARY SCHOOL,WEST 7,6 JURONG WEST STREET 52,649295
"SCHOOL OF SCIENCE AND TECHNOLOGY, SINGAPORE",WEST 5,1 Technology Drive,138572
"SCHOOL OF THE ARTS, SINGAPORE",SOUTH 5,01 05 1 Zubir Said Drive Admin Office,227968
SEMBAWANG PRIMARY SCHOOL,NORTH 8,10 SEMBAWANG DRIVE,757715
SEMBAWANG SECONDARY SCHOOL,NORTH 8,30 SEMBAWANG CRESCENT,757704
SENG KANG PRIMARY SCHOOL,NORTH 1,21 COMPASSVALE WALK,545166
SENG KANG SECONDARY SCHOOL,NORTH 1,10 COMPASSVALE LANE,545090
SENGKANG GREEN PRIMARY SCHOOL,EAST 3,15 Fernvale Road,797636
SERANGOON GARDEN SECONDARY SCHOOL,SOUTH 1,21 SERANGOON NORTH AVENUE 1,555889
SERANGOON JUNIOR COLLEGE,NORTH 4,1033 UPPER SERANGOON ROAD,534768
SERANGOON SECONDARY SCHOOL,NORTH 3,11 UPPER SERANGOON VIEW,534237
SHUQUN PRIMARY SCHOOL,WEST 7,8 JURONG WEST STREET 51,649332
SHUQUN SECONDARY SCHOOL,WEST 1,450 JURONG EAST STREET 21,609604
SI LING PRIMARY SCHOOL,NORTH 7,61 WOODLANDS AVENUE 1,739067
SI LING SECONDARY SCHOOL,NORTH 5,11 MARSILING LANE,739148
SIGLAP SECONDARY SCHOOL,EAST 3,10 PASIR RIS DRIVE 10,519385
SINGAPORE CHINESE GIRLS' PRIMARY SCHOOL,NORTH 2,190 DUNEARN ROAD,309437
SINGAPORE CHINESE GIRLS' SCHOOL,NORTH 2,190 DUNEARN ROAD,309437
SINGAPORE SPORTS SCHOOL,NORTH 8,1 Champions Way,737913
SOUTH VIEW PRIMARY SCHOOL,WEST 2,6 Choa Chu Kang Central,689762
SPECTRA SECONDARY SCHOOL,NORTH 8,1 WOODLANDS DRIVE 64,737758
SPRINGDALE PRIMARY SCHOOL,EAST 3,71 Anchorvale Link,544799
SPRINGFIELD SECONDARY SCHOOL,EAST 3,30 TAMPINES AVENUE 8,529593
ST. ANDREW'S JUNIOR COLLEGE,SOUTH 5,5 Sorby Adams Drive,357691
ST. ANDREW'S JUNIOR SCHOOL,SOUTH 5,2 FRANCIS THOMAS DRIVE,359337
ST. ANDREW'S SECONDARY SCHOOL,SOUTH 5,15 FRANCIS THOMAS DRIVE,359342
ST. ANTHONY'S CANOSSIAN PRIMARY SCHOOL,EAST 4,1602 BEDOK NORTH AVE 4,469701
ST. ANTHONY'S CANOSSIAN SECONDARY SCHOOL,EAST 4,1600 BEDOK NORTH AVENUE 4,469700
ST. ANTHONY'S PRIMARY SCHOOL,WEST 2,30 Bukit Batok St 32,659401
ST. GABRIEL'S PRIMARY SCHOOL,SOUTH 6,220 Lorong Chuan,556742
ST. GABRIEL'S SECONDARY SCHOOL,SOUTH 6,24 SERANGOON AVENUE 1,556140
ST. HILDA'S PRIMARY SCHOOL,EAST 6,2 Tampines Ave 3,529706
ST. HILDA'S SECONDARY SCHOOL,EAST 6,2 TAMPINES STREET 82,528986
ST. JOSEPH'S INSTITUTION,SOUTH 5,21 BISHAN STREET 14,579781
ST. JOSEPH'S INSTITUTION JUNIOR,SOUTH 5,3 ESSEX ROAD,309331
ST. MARGARET'S PRIMARY SCHOOL,SOUTH 6,99 WILKIE ROAD,228091
ST. MARGARET'S SECONDARY SCHOOL,SOUTH 6,111 FARRER ROAD,259240
ST. PATRICK'S SCHOOL,EAST 7,490 EAST COAST ROAD,429058
ST. STEPHEN'S SCHOOL,EAST 7,20 SIGLAP VIEW,455789
STAMFORD PRIMARY SCHOOL,SOUTH 4,1 VICTORIA LANE,198423
SWISS COTTAGE SECONDARY SCHOOL,WEST 2,3 BUKIT BATOK STREET 34,659322
TAMPINES JUNIOR COLLEGE,EAST 6,2 TAMPINES AVENUE 9,529564
TAMPINES NORTH PRIMARY SCHOOL,EAST 6,30 TAMPINES AVENUE 9,529565
TAMPINES PRIMARY SCHOOL,EAST 6,250 TAMPINES STREET 12,529426
TAMPINES SECONDARY SCHOOL,EAST 6,252 TAMPINES ST 12,529427
TANGLIN SECONDARY SCHOOL,WEST 1,301 WEST COAST ROAD,127391
TANJONG KATONG GIRLS' SCHOOL,EAST 5,20 DUNMAN LANE,439272
TANJONG KATONG PRIMARY SCHOOL,EAST 5,10 SERAYA ROAD,437259
TANJONG KATONG SECONDARY SCHOOL,EAST 5,130 HAIG ROAD,438796
TAO NAN SCHOOL,EAST 7,49 MARINE CRESCENT,449761
TECK GHEE PRIMARY SCHOOL,SOUTH 6,1 ANG MO KIO STREET 32,569299
TECK WHYE PRIMARY SCHOOL,WEST 5,11 TECK WHYE WALK,688261
TECK WHYE SECONDARY SCHOOL,WEST 5,31 TECK WHYE CRESCENT,688848
TELOK KURAU PRIMARY SCHOOL,EAST 4,50 BEDOK RESERVOIR RD,479239
TEMASEK JUNIOR COLLEGE,EAST 2,22 BEDOK SOUTH ROAD,469278
TEMASEK PRIMARY SCHOOL,EAST 2,501 BEDOK SOUTH AVE 3,469300
TEMASEK SECONDARY SCHOOL,EAST 2,600 UPPER EAST COAST ROAD,465561
TOWNSVILLE PRIMARY SCHOOL,SOUTH 7,3 ANG MO KIO AVE 10,569730
UNITY PRIMARY SCHOOL,WEST 2,21 CHOA CHU KANG CRESCENT,688268
UNITY SECONDARY SCHOOL,WEST 2,20 CHOA CHU KANG STREET 62,689143
VICTORIA JUNIOR COLLEGE,EAST 7,20 MARINE VISTA,449035
VICTORIA SCHOOL,EAST 7,2 SIGLAP LINK,448880
WATERWAY PRIMARY SCHOOL,EAST 3,70 Punggol Drive,828802
WELLINGTON PRIMARY SCHOOL,NORTH 7,10 WELLINGTON CIRCLE,757702
WEST GROVE PRIMARY SCHOOL,WEST 3,1 JURONG WEST ST 72,649223
WEST SPRING PRIMARY SCHOOL,WEST 6,60 Bukit Panjang Ring Road,679946
WEST SPRING SECONDARY SCHOOL,WEST 5,61 SENJA ROAD,677737
WEST VIEW PRIMARY SCHOOL,WEST 5,31 SENJA ROAD,677742
WESTWOOD PRIMARY SCHOOL,WEST 8,1 Jurong West Street 73,649188
WESTWOOD SECONDARY SCHOOL,WEST 3,11 JURONG WEST STREET 25,648350
WHITE SANDS PRIMARY SCHOOL,EAST 6,2 PASIR RIS ST 11,519075
WHITLEY SECONDARY SCHOOL,SOUTH 7,30 BISHAN STREET 24,579747
WOODGROVE PRIMARY SCHOOL,NORTH 5,2 WOODLANDS DRIVE 14 WOODGROVE PRIMARY SCHOOL,738079
WOODGROVE SECONDARY SCHOOL,NORTH 7,3 WOODLANDS AVENUE 6,738990
WOODLANDS PRIMARY SCHOOL,NORTH 7,10 WOODLANDS DRIVE 50,738853
WOODLANDS RING PRIMARY SCHOOL,NORTH 5,11 WOODLANDS RING ROAD,738240
WOODLANDS RING SECONDARY SCHOOL,NORTH 8,10 WOODLANDS RING ROAD,738239
WOODLANDS SECONDARY SCHOOL,NORTH 5,11 MARSILING ROAD,739111
XINGHUA PRIMARY SCHOOL,SOUTH 1,45 HOUGANG AVENUE 1,538882
XINGNAN PRIMARY SCHOOL,WEST 3,5 JURONG WEST STREET 91,649036
XINMIN PRIMARY SCHOOL,NORTH 1,9 HOUGANG AVENUE 8,538784
XINMIN SECONDARY SCHOOL,NORTH 1,11 HOUGANG AVENUE 8,538789
XISHAN PRIMARY SCHOOL,NORTH 2,8 YISHUN STREET 21,768611
YANGZHENG PRIMARY SCHOOL,SOUTH 6,15 SERANGOON AVENUE 3,556108
YEW TEE PRIMARY SCHOOL,WEST 8,10 CHOA CHU KANG ST 64,689100
YIO CHU KANG PRIMARY SCHOOL,NORTH 3,1 HOUGANG STREET 51,538720
YIO CHU KANG SECONDARY SCHOOL,NORTH 6,3063 ANG MO KIO AVENUE 5,569868
YISHUN JUNIOR COLLEGE,NORTH 8,3 YISHUN RING ROAD,768675
YISHUN PRIMARY SCHOOL,NORTH 6,500 YISHUN RING ROAD,768679
YISHUN SECONDARY SCHOOL,NORTH 2,4 YISHUN STREET 71,768516
YISHUN TOWN SECONDARY SCHOOL,NORTH 2,6 YISHUN STREET 21,768610
YU NENG PRIMARY SCHOOL,EAST 2,56 BEDOK NORTH ST 3,469623
YUAN CHING SECONDARY SCHOOL,WEST 4,103 YUAN CHING ROAD,618654
YUHUA PRIMARY SCHOOL,WEST 1,158 JURONG EAST STREET 24,609558
YUHUA SECONDARY SCHOOL,WEST 7,35 JURONG WEST STREET 41,649406
YUMIN PRIMARY SCHOOL,EAST 3,3 TAMPINES STREET 21,529393
YUSOF ISHAK SECONDARY SCHOOL,WEST 2,11 BUKIT BATOK STREET 25,658712
YUYING SECONDARY SCHOOL,SOUTH 1,47 HOUGANG AVENUE 1,538884
ZHANGDE PRIMARY SCHOOL,SOUTH 4,51 Jalan Membina,169485
ZHENGHUA PRIMARY SCHOOL,WEST 5,9 Fajar Road,679002
ZHENGHUA SECONDARY SCHOOL,WEST 6,91 SENJA ROAD,677741
ZHONGHUA PRIMARY SCHOOL,SOUTH 6,12 SERANGOON AVENUE 4 ZHONGHUA PRIMARY SCHOOL,556095
ZHONGHUA SECONDARY SCHOOL,SOUTH 6,13 SERANGOON AVENUE 3,556123
